loss,R1,MRR,P,epoch,step
0.4476253092288971,0.0777683481447735,0.041061409040747524,0.7333333333333333,0,4
