loss,R1,MRR,P,epoch,step
0.2699246406555176,0.027728347229636453,0.014469793948312729,0.33125,0,9
0.23738718032836914,0.036407257290066344,0.019193031305441685,0.353125,1,19
